From,To,OSM,Google Noon Wed
RM70AG, RM70AG,0,0
E11BB, E11BB,0,0
SW66SX, SW66SX,0,0
SE59RW, SE59RW,0,0
BR68ND, BR68ND,0,0
HA13UJ, HA13UJ,0,0
SW170QT, SW170QT,0,0
NW12BU, NW12BU,0,0
DE223NE, DE223NE,0,0
NN15BD, NN15BD,0,0
NR325QQ, NR316LA,8,16
WD7 8AB, WD180HB,9,14
IP3 8NX, IP45PD,2,4
BR5 3QB, BR68ND,9,12
NW1 1PA, NW12BU,3,6
SW9 0BD, SE59RW,3,5
IP326RS, IP332QZ,6,12
LL142RU, LL137TD,9,14
TS6 0JQ, TS43BW,6,10
NW5 2EE, NW12BU,6,9
SR5 2HL, SR47TP,3,9
EX2 8WA, EX25DW,6,12
NE108EJ, NE14LP,9,16
FY4 4AN, FY38NR,5,7
B1  2PY, B714HJ,8,16
B8  2RR, B95SS,3,7
GU152DJ, GU167UJ,4,9
M27 0DN, M68HD,5,10
WA5 9QP, WA51QG,5,20
UB1 2XG, HA13UJ,8,20
NE14LP, NE96SX,6,14
NE96SX, NE14LP,7,12
NG72UH, NG51PB,8,14
NG51PB, NG72UH,8,16
NP448YN, NP202UB,8,14
NW12BU, E11BB,9,26
WV100QP, WS29PS,9,18
B714HJ, WS29PS,9,16
WS29PS, WV100QP,9,16
WS29PS, B714HJ,9,16
KT160PZ, KT187EG,17,24
KT160PZ, SL24HL,17,28
ME169QQ, ME75NY,15,24
NE340PL, NE96SX,10,18
CH495PE, CH21UL,18,26
GU167UJ, GU27XX,16,20
DA28DA, BR68ND,18,24
SW66SX, SW170QT,14,18
S602UD, DN25LT,18,28
SW170QT, SW66SX,13,18
TN240LZ, CT13NG,22,30
LU40DZ, HA13UJ,28,40
M68HD, SK27JE,20,28
E11BB, HA13UJ,28,55
RH15RH, SW170QT,29,40
BA13NG, BS105NB,25,35
LU40DZ, WD180HB,20,28
SL24HL, RG15AN,23,35
HX30PW, LS13EX,23,35
RM70AG, DA28DA,21,30
BN212UD, BN112DH,38,50
M68HD, PR29HT,32,35
CW14QJ, L355DR,39,50
EX25DW, TA15DA,33,40
NW12BU, KT187EG,36,70
ME75NY, BR68ND,33,40
HP112TT, LU40DZ,36,40
PR29HT, M68HD,33,40
WF14DG, HG27SX,37,45
B714HJ, CV345BW,39,45
BS105NB, SN36BB,40,45
S602UD, HX30PW,47,55
PR29HT, SK27JE,46,55
NW12BU, RG15AN,48,70
ST46QG, SK27JE,46,60
L78XP, LL185UJ,49,55
WD180HB, DA28DA,49,60
IP332QZ, NR47UY,49,60
CV107DJ, OX169AL,43,50
RG15AN, SO225DG,41,55
SE59RW, LU40DZ,50,85
ME169QQ, SW66SX,53,70
NN15BD, WS29PS,58,75
CV345BW, MK65LD,52,60
SW66SX, SS165NL,53,85
RH15RH, SS00RY,59,75
SG14AB, SW170QT,58,80
CW14QJ, DE223NE,53,65
HU32JZ, LN25QY,50,65
TA15DA, BS105NB,55,60
WF14DG, PR29HT,69,75
HG27SX, DH15TW,64,70
SO166YD, KT187EG,67,75
ME75NY, BN212UD,69,90
BN25BE, GU27XX,63,70
GU27XX, TN240LZ,68,75
HP112TT, ME169QQ,69,75
MK65LD, DA28DA,69,80
B152TH, NN15BD,62,70
LA14RP, L78XP,61,70
M68HD, B714HJ,78,90
IP332QZ, PE39GZ,71,70
DE130RB, DN157BH,78,90
LS13EX, LN25QY,73,85
ME75NY, CB20QQ,73,90
L355DR, DE130RB,79,90
CF311RQ, SA612PZ,78,90
CW14QJ, S752EP,72,100
CV107DJ, HR12ER,78,90
PO196SE, DA28DA,79,90
BD96RJ, LA14RP,81,90
KT187EG, NN15BD,80,90
B152TH, LU40DZ,82,90
SP28BJ, TA15DA,82,90
NG174JL, M68HD,80,100
SN36BB, RH15RH,80,90
CW14QJ, WF14DG,81,100
TN240LZ, BN25BE,83,90
DY12HQ, L355DR,81,100
PO196SE, SL24HL,80,90
HA13UJ, CV22DX,82,100
WR51DD, CF311RQ,94,100
IP332QZ, SL24HL,95,110
DN25LT, DY12HQ,97,120
BS234TQ, OX39DU,99,110
BH152JB, BN112DH,92,110
LU40DZ, NG174JL,94,110
DN25LT, NN15BD,99,110
SO166YD, E11BB,91,130
EX25DW, CF144XW,99,100
BS234TQ, CV345BW,99,110
PR86PN, DN25LT,102,120
LA144LF, HG27SX,101,130
RG15AN, B95SS,102,110
RH164EX, CT94AN,101,110
MK65LD, BN25BE,109,120
LL185UJ, B714HJ,108,120
BS28HW, WD180HB,108,120
HR12ER, NN15BD,108,130
DH15TW, S602UD,104,110
CV22DX, L78XP,106,110
LE15WW, SS165NL,111,130
RH15RH, CV107DJ,116,140
CV22DX, SO225DG,112,110
CA27HY, L97AL,110,120
BH77DW, TN24QJ,117,130
IP332QZ, CV345BW,118,120
CV22DX, HX30PW,115,130
SG14AB, NG174JL,113,130
YO318HE, LA14RP,110,120
PE219QS, HG27SX,116,140
PO305TG, BN112DH,121,130
CM17ET, WS29PS,137,150
B152TH, BA214AT,139,150
HP112TT, CF144XW,120,120
SW66SX, NG51PB,129,150
TS43BW, CA288JG,127,150
CV22DX, BN112DH,146,160
BH77DW, NP202UB,138,150
SA66NL, WV100QP,139,160
CV22DX, ME169QQ,126,140
