ccg15nm,ambo21
"NHS Airedale, Wharfedale and Craven CCG",YAS
NHS Ashford CCG,SECAmb
NHS Aylesbury Vale CCG,SCAS
NHS Barking and Dagenham CCG,LAS
NHS Barnet CCG,LAS
NHS Barnsley CCG,YAS
NHS Basildon and Brentwood CCG,EEAST
NHS Bassetlaw CCG,EMAS
NHS Bath and North East Somerset CCG,SWAS
NHS Bedfordshire CCG,EEAST
NHS Bexley CCG,LAS
NHS Birmingham CrossCity CCG,WMAS
NHS Birmingham South and Central CCG,WMAS
NHS Blackburn with Darwen CCG,NWAS
NHS Blackpool CCG,NWAS
NHS Bolton CCG,NWAS
NHS Bracknell and Ascot CCG,SECAmb
NHS Bradford City CCG,YAS
NHS Bradford Districts CCG,YAS
NHS Brent CCG,LAS
NHS Brighton and Hove CCG,SECAmb
NHS Bristol CCG,SWAS
NHS Bromley CCG,LAS
NHS Bury CCG,NWAS
NHS Calderdale CCG,YAS
NHS Cambridgeshire and Peterborough CCG,EEAST
NHS Camden CCG,LAS
NHS Cannock Chase CCG,WMAS
NHS Canterbury and Coastal CCG,SECAmb
NHS Castle Point and Rochford CCG,EEAST
NHS Central London (Westminster) CCG,LAS
NHS Central Manchester CCG,NWAS
NHS Chiltern CCG,SCAS
NHS Chorley and South Ribble CCG,NWAS
NHS City and Hackney CCG,LAS
NHS Coastal West Sussex CCG,SECAmb
NHS Corby CCG,EMAS
NHS Coventry and Rugby CCG,WMAS
NHS Crawley CCG,SECAmb
NHS Croydon CCG,LAS
NHS Cumbria CCG,NWAS
NHS Darlington CCG,NEAS
"NHS Dartford, Gravesham and Swanley CCG",SECAmb
NHS Doncaster CCG,YAS
NHS Dorset CCG,SWAS
NHS Dudley CCG,WMAS
"NHS Durham Dales, Easington and Sedgefield CCG",NEAS
NHS Ealing CCG,LAS
NHS East and North Hertfordshire CCG,EEAST
NHS East Lancashire CCG,NWAS
NHS East Leicestershire and Rutland CCG,EMAS
NHS East Riding of Yorkshire CCG,YAS
NHS East Staffordshire CCG,WMAS
NHS East Surrey CCG,SECAmb
"NHS Eastbourne, Hailsham and Seaford CCG",SECAmb
NHS Eastern Cheshire CCG,NWAS
NHS Enfield CCG,LAS
NHS Erewash CCG,EMAS
NHS Fareham and Gosport CCG,SCAS
NHS Fylde & Wyre CCG,NWAS
NHS Gloucestershire CCG,SWAS
NHS Great Yarmouth and Waveney CCG,EEAST
NHS Greater Huddersfield CCG,YAS
NHS Greater Preston CCG,NWAS
NHS Greenwich CCG,LAS
NHS Guildford and Waverley CCG,SECAmb
NHS Halton CCG,NWAS
"NHS Hambleton, Richmondshire and Whitby CCG",YAS
NHS Hammersmith and Fulham CCG,LAS
NHS Hardwick CCG,EMAS
NHS Haringey CCG,LAS
NHS Harrogate and Rural District CCG,YAS
NHS Harrow CCG,LAS
NHS Hartlepool and Stockton-on-Tees CCG,NEAS
NHS Hastings and Rother CCG,SECAmb
NHS Havering CCG,LAS
NHS Herefordshire CCG,WMAS
NHS Herts Valleys CCG,EEAST
"NHS Heywood, Middleton and Rochdale CCG",NWAS
NHS High Weald Lewes Havens CCG,SECAmb
NHS Hillingdon CCG,LAS
NHS Horsham and Mid Sussex CCG,SECAmb
NHS Hounslow CCG,LAS
NHS Hull CCG,YAS
NHS Ipswich and East Suffolk CCG,EEAST
NHS Isle of Wight CCG,IWAS
NHS Islington CCG,LAS
NHS Kernow CCG,SWAS
NHS Kingston CCG,LAS
NHS Knowsley CCG,NWAS
NHS Lambeth CCG,LAS
NHS Lancashire North CCG,NWAS
NHS Leeds North CCG,YAS
NHS Leeds South and East CCG,YAS
NHS Leeds West CCG,YAS
NHS Leicester City CCG,EMAS
NHS Lewisham CCG,LAS
NHS Lincolnshire East CCG,EMAS
NHS Lincolnshire West CCG,EMAS
NHS Liverpool CCG,NWAS
NHS Luton CCG,EEAST
NHS Mansfield and Ashfield CCG,EMAS
NHS Medway CCG,SECAmb
NHS Merton CCG,LAS
NHS Mid Essex CCG,EEAST
NHS Milton Keynes CCG,SCAS
NHS Nene CCG,EMAS
NHS Newark & Sherwood CCG,EMAS
NHS Newbury and District CCG,SCAS
NHS Newcastle Gateshead CCG,NEAS
NHS Newham CCG,LAS
NHS North & West Reading CCG,SCAS
NHS North Derbyshire CCG,EMAS
NHS North Durham CCG,NEAS
NHS North East Essex CCG,EEAST
NHS North East Hampshire and Farnham CCG,SECAmb
NHS North East Lincolnshire CCG,EMAS
NHS North Hampshire CCG,SCAS
NHS North Kirklees CCG,YAS
NHS North Lincolnshire CCG,EMAS
NHS North Manchester CCG,NWAS
NHS North Norfolk CCG,EEAST
NHS North Somerset CCG,SWAS
NHS North Staffordshire CCG,WMAS
NHS North Tyneside CCG,NEAS
NHS North West Surrey CCG,SECAmb
"NHS Northern, Eastern and Western Devon CCG",SWAS
NHS Northumberland CCG,NEAS
NHS Norwich CCG,EEAST
NHS Nottingham City CCG,EMAS
NHS Nottingham North and East CCG,EMAS
NHS Nottingham West CCG,EMAS
NHS Oldham CCG,NWAS
NHS Oxfordshire CCG,SCAS
NHS Portsmouth CCG,SCAS
NHS Redbridge CCG,LAS
NHS Redditch and Bromsgrove CCG,WMAS
NHS Richmond CCG,LAS
NHS Rotherham CCG,YAS
NHS Rushcliffe CCG,EMAS
NHS Salford CCG,NWAS
NHS Sandwell and West Birmingham CCG,WMAS
NHS Scarborough and Ryedale CCG,YAS
NHS Sheffield CCG,YAS
NHS Shropshire CCG,WMAS
NHS Slough CCG,SECAmb
NHS Solihull CCG,WMAS
NHS Somerset CCG,SWAS
NHS South Cheshire CCG,NWAS
NHS South Devon and Torbay CCG,SWAS
NHS South East Staffordshire and Seisdon Peninsula CCG,WMAS
NHS South Eastern Hampshire CCG,SCAS
NHS South Gloucestershire CCG,SWAS
NHS South Kent Coast CCG,SECAmb
NHS South Lincolnshire CCG,EMAS
NHS South Manchester CCG,NWAS
NHS South Norfolk CCG,EEAST
NHS South Reading CCG,SCAS
NHS South Sefton CCG,NWAS
NHS South Tees CCG,NEAS
NHS South Tyneside CCG,NEAS
NHS South Warwickshire CCG,WMAS
NHS South West Lincolnshire CCG,EMAS
NHS South Worcestershire CCG,WMAS
NHS Southampton CCG,SCAS
NHS Southend CCG,EEAST
NHS Southern Derbyshire CCG,EMAS
NHS Southport and Formby CCG,NWAS
NHS Southwark CCG,LAS
NHS St Helens CCG,NWAS
NHS Stafford and Surrounds CCG,WMAS
NHS Stockport CCG,NWAS
NHS Stoke on Trent CCG,WMAS
NHS Sunderland CCG,NEAS
NHS Surrey Downs CCG,SECAmb
NHS Surrey Heath CCG,SECAmb
NHS Sutton CCG,LAS
NHS Swale CCG,SECAmb
NHS Swindon CCG,SWAS
NHS Tameside and Glossop CCG,NWAS
NHS Telford and Wrekin CCG,WMAS
NHS Thanet CCG,SECAmb
NHS Thurrock CCG,EEAST
NHS Tower Hamlets CCG,LAS
NHS Trafford CCG,NWAS
NHS Vale of York CCG,YAS
NHS Vale Royal CCG,NWAS
NHS Wakefield CCG,YAS
NHS Walsall CCG,WMAS
NHS Waltham Forest CCG,LAS
NHS Wandsworth CCG,LAS
NHS Warrington CCG,NWAS
NHS Warwickshire North CCG,WMAS
NHS West Cheshire CCG,NWAS
NHS West Essex CCG,EEAST
NHS West Hampshire CCG,SCAS
NHS West Kent CCG,SECAmb
NHS West Lancashire CCG,NWAS
NHS West Leicestershire CCG,EMAS
NHS West London CCG,LAS
NHS West Norfolk CCG,EEAST
NHS West Suffolk CCG,EEAST
NHS Wigan Borough CCG,NWAS
NHS Wiltshire CCG,SWAS
"NHS Windsor, Ascot and Maidenhead CCG",SECAmb
NHS Wirral CCG,NWAS
NHS Wokingham CCG,SCAS
NHS Wolverhampton CCG,WMAS
NHS Wyre Forest CCG,WMAS
